"Predictor","OR","p_value"
"age",1.07484772340899,5.35450608228835e-18
"hypertension1",1.96354086411781,0.00161375245048863
"avg_glucose_level",1.00469534960084,0.00484704443531246
